filename,text
000000.png,Rxw1vH X zo
000001.png,wdne jU
000002.png,mdn
000003.png,N
000004.png,ICzPA
000005.png,9 u
000006.png,zjvZqWr
000007.png,G1mU lS4qJln
000008.png,pW NVBZbl ZWIzz
000009.png,1 1f Xzrua ez
000010.png,G w8A
000011.png,ALj7z
000012.png,tm
000013.png,xKAGoDvJMC
000014.png,4t0M1kYqx
000015.png,prophetic
000016.png,DkIJrC N1E4H
000017.png,nHaCKtwqk8 A3 o
000018.png,ensures separate
000019.png,deleo
000020.png,nettles spurning
000021.png,autocracy
000022.png,zVWt
000023.png,tarun
000024.png,dBeQ3XoxkUUJ
000025.png,Z oBp z
000026.png,IKKSW
000027.png,43AkIutRKs88Pp
000028.png,7SxL MDg
000029.png,meniscus
000030.png,azam pachuca
000031.png,havlat
000032.png,qAKvB0bPO2 Uum
000033.png,v
000034.png,WlI
000035.png,Kkqn f9 GW
000036.png,5Xqel
000037.png,jailed
000038.png,coXU
000039.png,kcna punch
000040.png,gRwVhL u
000041.png,XDu
000042.png,p3A
000043.png,vS skPP3ZX
000044.png,Okbq KO6V9
000045.png,vG1muW
000046.png,2pIj
000047.png,UuVr92
000048.png,b8
000049.png,centimetres
000050.png,tT
000051.png,sqS
000052.png,celia
000053.png,O31x
000054.png,Q5cQ6z1gLtD
000055.png,wilshere
000056.png,I7yLN limK15
000057.png,mBgltvQ
000058.png,trampled
000059.png,optimise
000060.png,70a9vr
000061.png,crimsons nhl
000062.png,opengl
000063.png,ctu
000064.png,pICIyC nco
000065.png,ooncZa
000066.png,decency
000067.png,Ano8 pqIwG8r
000068.png,reacquired
000069.png,3gD D
000070.png,l iolp0Q
000071.png,Zrzz
000072.png,se0TIp JuWXXx
000073.png,rASnh WHUCL 6jf
000074.png,Tsgf
000075.png,vJk
000076.png,owwGyoz1l4
000077.png,yWm
000078.png,qKPK3Ab1Y9k9JX
000079.png,fDPkkCZ9zr
000080.png,7 4bq5hHm2
000081.png,7
000082.png,masayuki
000083.png,7R zFSmIH tCF
000084.png,pelosis
000085.png,s7Iu
000086.png,gude subregion
000087.png,voltages
000088.png,9BN x OR
000089.png,IGK ZNAZoGdx9C
000090.png,hugged
000091.png,payment wahlberg
000092.png,cartmans
000093.png,W DJ
000094.png,heal hulagu
000095.png,campbelltown
000096.png,invent
000097.png,zHZNLM
000098.png,y D8
000099.png,md1rKVIDFgAa
